iter	MAE_SumError	MAE_SumWeight
0	3458.526047	5316
1	3090.164116	5316
2	2828.949149	5316
3	2617.491317	5316
4	2447.620961	5316
5	2303.334382	5316
6	2196.905058	5316
7	2106.828486	5316
8	2049.47419	5316
9	1986.749589	5316
10	1935.740855	5316
11	1890.949867	5316
12	1852.831419	5316
13	1826.207853	5316
14	1796.951898	5316
15	1777.453083	5316
16	1761.072702	5316
17	1745.874104	5316
18	1736.851087	5316
19	1725.117472	5316
20	1710.92819	5316
21	1698.663671	5316
22	1689.177879	5316
23	1680.438514	5316
24	1671.37594	5316
25	1665.990986	5316
26	1652.723321	5316
27	1641.873809	5316
28	1634.244274	5316
29	1626.0995	5316
30	1621.441114	5316
31	1617.668092	5316
32	1612.208095	5316
33	1609.663491	5316
34	1606.438405	5316
35	1598.406446	5316
36	1590.827997	5316
37	1583.964711	5316
38	1580.663308	5316
39	1575.250117	5316
40	1568.597691	5316
41	1563.95581	5316
42	1560.283046	5316
43	1556.957191	5316
44	1554.327775	5316
45	1553.031984	5316
46	1552.136077	5316
47	1548.141955	5316
48	1543.400921	5316
49	1537.926008	5316
50	1534.012281	5316
51	1529.152194	5316
52	1526.912439	5316
53	1523.062895	5316
54	1519.414642	5316
55	1514.865858	5316
56	1511.538146	5316
57	1508.508083	5316
58	1504.083811	5316
59	1503.030886	5316
60	1500.137348	5316
61	1497.558497	5316
62	1492.853542	5316
63	1491.147455	5316
64	1488.487522	5316
65	1485.108797	5316
66	1482.323202	5316
67	1479.461269	5316
68	1476.823751	5316
69	1472.534366	5316
70	1468.500777	5316
71	1464.122742	5316
72	1462.171644	5316
73	1459.178517	5316
74	1453.555609	5316
75	1452.95224	5316
76	1450.151543	5316
77	1447.635808	5316
78	1445.002693	5316
79	1443.141414	5316
80	1440.374239	5316
81	1436.700803	5316
82	1435.382979	5316
83	1432.537948	5316
84	1427.291796	5316
85	1423.618697	5316
86	1421.624903	5316
87	1420.654496	5316
88	1419.620055	5316
89	1418.157423	5316
90	1415.404237	5316
91	1413.28528	5316
92	1411.273199	5316
93	1409.016343	5316
94	1404.657795	5316
95	1401.42122	5316
96	1397.173001	5316
97	1394.879856	5316
98	1392.080318	5316
99	1390.666009	5316
100	1387.498286	5316
101	1385.770303	5316
102	1381.977075	5316
103	1378.838009	5316
104	1375.995375	5316
105	1374.148614	5316
106	1373.342179	5316
107	1372.287655	5316
108	1369.144878	5316
109	1366.589943	5316
110	1364.614807	5316
111	1363.590877	5316
112	1362.298863	5316
113	1359.859265	5316
114	1359.201326	5316
115	1356.125551	5316
116	1354.696118	5316
117	1351.81817	5316
118	1350.479184	5316
119	1350.419082	5316
120	1349.384684	5316
121	1348.924194	5316
122	1347.787698	5316
123	1344.631563	5316
124	1341.82745	5316
125	1340.618177	5316
126	1339.495303	5316
127	1339.472808	5316
128	1338.157343	5316
129	1336.716995	5316
130	1335.891134	5316
131	1335.006819	5316
132	1333.613914	5316
133	1332.341584	5316
134	1330.41942	5316
135	1328.823329	5316
136	1328.554971	5316
137	1327.069179	5316
138	1326.202811	5316
139	1325.0542	5316
140	1323.762206	5316
141	1322.376379	5316
142	1320.884238	5316
143	1319.862199	5316
144	1318.7463	5316
145	1317.173919	5316
146	1317.00181	5316
147	1316.67227	5316
148	1315.184937	5316
149	1313.604578	5316
150	1312.594538	5316
151	1311.792717	5316
152	1310.340448	5316
153	1309.726498	5316
154	1308.74821	5316
155	1307.220348	5316
156	1305.441628	5316
157	1304.793082	5316
158	1303.582976	5316
159	1303.254064	5316
160	1302.383066	5316
161	1299.854315	5316
162	1298.199656	5316
163	1298.013093	5316
164	1297.854834	5316
165	1296.332809	5316
166	1295.342282	5316
167	1294.641431	5316
168	1292.597974	5316
169	1291.083991	5316
170	1290.567106	5316
171	1289.646745	5316
172	1288.72933	5316
173	1287.983277	5316
174	1286.198955	5316
175	1285.377074	5316
176	1284.450451	5316
177	1283.751908	5316
178	1282.586839	5316
179	1281.311194	5316
180	1280.490106	5316
181	1279.179099	5316
182	1277.62166	5316
183	1277.150017	5316
184	1276.423428	5316
185	1275.26284	5316
186	1274.801849	5316
187	1274.264569	5316
188	1273.545827	5316
189	1273.126992	5316
190	1272.678704	5316
191	1271.427752	5316
192	1270.564282	5316
193	1270.021889	5316
194	1269.095799	5316
195	1268.667516	5316
196	1267.925396	5316
197	1266.767008	5316
198	1266.17101	5316
199	1265.339118	5316
200	1264.38197	5316
201	1264.38081	5316
202	1263.279516	5316
203	1261.556729	5316
204	1261.324988	5316
205	1260.88416	5316
206	1260.312537	5316
207	1260.061028	5316
208	1259.290596	5316
209	1259.876485	5316
210	1259.456723	5316
211	1258.076909	5316
212	1257.702618	5316
213	1256.325367	5316
214	1255.47552	5316
215	1254.725738	5316
216	1253.885736	5316
217	1254.188203	5316
218	1253.176133	5316
219	1250.915496	5316
220	1249.644324	5316
221	1249.219391	5316
222	1248.90346	5316
223	1248.233765	5316
224	1246.983889	5316
225	1246.550579	5316
226	1245.318408	5316
227	1244.95359	5316
228	1244.603815	5316
229	1243.836448	5316
230	1243.294157	5316
231	1242.379115	5316
232	1241.722817	5316
233	1241.85333	5316
234	1241.821164	5316
235	1240.631341	5316
236	1240.276368	5316
237	1238.905313	5316
238	1238.211024	5316
239	1237.104866	5316
240	1236.274838	5316
241	1236.279953	5316
242	1235.735258	5316
243	1235.631533	5316
244	1234.907691	5316
245	1234.45335	5316
246	1233.158508	5316
247	1232.069372	5316
248	1231.933031	5316
249	1231.386667	5316
250	1230.416354	5316
251	1230.130578	5316
252	1229.377056	5316
253	1228.307541	5316
254	1227.946846	5316
255	1227.266353	5316
256	1226.816241	5316
257	1226.557098	5316
258	1226.549098	5316
259	1226.63386	5316
260	1226.087961	5316
261	1225.468427	5316
262	1225.132083	5316
263	1224.715983	5316
264	1224.228271	5316
265	1223.821577	5316
266	1223.071966	5316
267	1223.339097	5316
268	1222.210834	5316
269	1221.537201	5316
270	1221.058403	5316
271	1221.093379	5316
272	1220.443646	5316
273	1220.241114	5316
274	1220.002012	5316
275	1219.665468	5316
276	1219.220338	5316
277	1218.376743	5316
278	1217.429161	5316
279	1216.575509	5316
280	1215.936818	5316
281	1215.484964	5316
282	1214.938074	5316
283	1214.367064	5316
284	1214.040703	5316
285	1213.932457	5316
286	1213.216999	5316
287	1212.570104	5316
288	1210.701099	5316
289	1210.609426	5316
290	1209.990834	5316
291	1208.699914	5316
292	1208.021936	5316
293	1207.981584	5316
294	1207.22864	5316
295	1206.075875	5316
296	1205.506023	5316
297	1204.672318	5316
298	1204.226303	5316
299	1203.961679	5316
300	1203.139602	5316
301	1201.666084	5316
302	1201.038146	5316
303	1200.505348	5316
304	1200.06106	5316
305	1199.467184	5316
306	1198.633089	5316
307	1197.446698	5316
308	1196.827021	5316
309	1196.379687	5316
310	1195.652973	5316
311	1195.431863	5316
312	1194.483919	5316
313	1194.026187	5316
314	1193.789851	5316
315	1193.728329	5316
316	1193.387367	5316
317	1192.49762	5316
318	1191.856476	5316
319	1190.763772	5316
320	1190.553008	5316
321	1190.526476	5316
322	1189.220271	5316
323	1188.855241	5316
324	1187.839617	5316
325	1187.227458	5316
326	1186.626776	5316
327	1186.644104	5316
328	1186.725564	5316
329	1186.579392	5316
330	1185.148602	5316
331	1184.724729	5316
332	1184.251198	5316
333	1183.291149	5316
334	1182.969385	5316
335	1183.176647	5316
336	1182.372315	5316
337	1181.847751	5316
338	1181.503707	5316
339	1181.331046	5316
340	1180.786179	5316
341	1180.544738	5316
342	1180.066873	5316
343	1179.337264	5316
344	1179.287467	5316
345	1179.010485	5316
346	1178.768982	5316
347	1178.774231	5316
348	1178.544725	5316
349	1178.59321	5316
350	1178.700097	5316
351	1178.006883	5316
352	1177.566368	5316
353	1176.836527	5316
354	1176.584943	5316
355	1176.418601	5316
356	1175.830936	5316
357	1175.261976	5316
358	1175.066475	5316
359	1175.021576	5316
360	1174.44347	5316
361	1173.942109	5316
362	1173.891242	5316
363	1173.282564	5316
364	1172.682972	5316
365	1171.879469	5316
366	1171.845664	5316
367	1170.975654	5316
368	1170.748798	5316
369	1170.782873	5316
370	1170.532031	5316
371	1170.379966	5316
372	1169.860296	5316
373	1169.744392	5316
374	1169.712026	5316
375	1169.441852	5316
376	1168.740922	5316
377	1168.390804	5316
378	1168.760515	5316
379	1168.360061	5316
380	1167.964915	5316
381	1167.463232	5316
382	1166.749063	5316
383	1165.484899	5316
384	1164.925217	5316
385	1164.628142	5316
386	1164.284897	5316
387	1163.524368	5316
388	1163.282965	5316
389	1162.695177	5316
390	1162.485233	5316
391	1161.76814	5316
392	1160.847372	5316
393	1160.559044	5316
394	1160.25743	5316
395	1160.113255	5316
396	1159.307348	5316
397	1159.416804	5316
398	1159.15746	5316
399	1159.129957	5316
400	1158.579954	5316
401	1157.955096	5316
402	1157.815688	5316
403	1157.417208	5316
404	1157.320868	5316
405	1156.960524	5316
406	1156.546085	5316
407	1155.696047	5316
408	1155.361814	5316
409	1155.149193	5316
410	1154.931508	5316
411	1154.23967	5316
412	1154.017982	5316
413	1153.892507	5316
414	1154.088303	5316
415	1153.578826	5316
416	1153.407709	5316
417	1152.884219	5316
418	1152.660695	5316
419	1152.805023	5316
420	1152.314421	5316
421	1151.876929	5316
422	1151.784967	5316
423	1151.631817	5316
424	1151.330819	5316
425	1150.938512	5316
426	1150.719686	5316
427	1150.312408	5316
428	1150.067214	5316
429	1150.06799	5316
430	1149.89528	5316
431	1149.427325	5316
432	1148.61089	5316
433	1148.590505	5316
434	1148.057277	5316
435	1148.113136	5316
436	1147.917024	5316
437	1147.639049	5316
438	1147.767227	5316
439	1147.716274	5316
440	1147.534883	5316
441	1147.157683	5316
442	1146.743106	5316
443	1146.458283	5316
444	1145.858039	5316
445	1145.547008	5316
446	1145.404349	5316
447	1145.470573	5316
448	1145.221961	5316
449	1144.648357	5316
450	1144.517449	5316
451	1144.895593	5316
452	1144.550832	5316
453	1144.558609	5316
454	1144.402953	5316
455	1143.625406	5316
456	1143.306972	5316
457	1143.323714	5316
458	1143.420755	5316
459	1143.032805	5316
460	1143.037655	5316
461	1142.832744	5316
462	1142.899265	5316
463	1142.861975	5316
464	1142.636458	5316
465	1142.485289	5316
466	1141.886817	5316
467	1141.575444	5316
468	1141.109889	5316
469	1140.526492	5316
470	1140.293916	5316
471	1140.080088	5316
472	1139.947333	5316
473	1139.905889	5316
474	1139.43225	5316
475	1139.382043	5316
476	1139.442114	5316
477	1139.49379	5316
478	1139.316562	5316
479	1139.347685	5316
480	1139.134686	5316
481	1138.918503	5316
482	1138.22904	5316
483	1137.015618	5316
484	1136.829733	5316
485	1136.583494	5316
486	1136.054526	5316
487	1135.896732	5316
488	1135.522316	5316
489	1135.518711	5316
490	1135.250821	5316
491	1134.888747	5316
492	1134.358067	5316
493	1133.615046	5316
494	1133.419757	5316
495	1133.18961	5316
496	1133.208322	5316
497	1133.051372	5316
498	1132.772852	5316
499	1132.467161	5316
500	1132.357955	5316
501	1131.979854	5316
502	1131.751828	5316
503	1131.245541	5316
504	1131.385552	5316
505	1130.924654	5316
506	1130.838224	5316
507	1130.261213	5316
508	1130.279281	5316
509	1129.8419	5316
510	1129.869573	5316
511	1129.344677	5316
512	1129.49716	5316
513	1129.330134	5316
514	1128.998023	5316
515	1128.901956	5316
516	1128.639711	5316
517	1128.556399	5316
518	1128.420376	5316
519	1128.270047	5316
520	1128.112988	5316
521	1127.990907	5316
522	1127.76699	5316
523	1127.442995	5316
524	1126.663273	5316
525	1126.553411	5316
526	1126.279791	5316
527	1126.278082	5316
528	1125.846393	5316
529	1125.855206	5316
530	1125.601199	5316
531	1125.452539	5316
532	1125.235551	5316
533	1124.952192	5316
534	1124.708966	5316
535	1124.256899	5316
536	1124.367313	5316
537	1124.212442	5316
538	1123.546995	5316
539	1122.897755	5316
540	1122.514163	5316
541	1122.509353	5316
542	1122.020485	5316
543	1121.484992	5316
544	1121.285003	5316
545	1121.04959	5316
546	1120.396301	5316
547	1120.118104	5316
548	1120.12206	5316
549	1119.915405	5316
550	1119.398778	5316
551	1119.376071	5316
552	1119.278432	5316
553	1118.697471	5316
554	1118.50972	5316
555	1118.166435	5316
556	1118.048892	5316
557	1118.11497	5316
558	1118.07962	5316
559	1117.802337	5316
560	1118.01599	5316
561	1117.601122	5316
562	1117.540214	5316
563	1117.281528	5316
564	1117.316918	5316
565	1117.134702	5316
566	1116.694757	5316
567	1116.577546	5316
568	1116.378502	5316
569	1116.041833	5316
570	1116.040316	5316
571	1115.897028	5316
572	1115.407179	5316
573	1115.379853	5316
574	1115.17272	5316
575	1114.517486	5316
576	1114.522854	5316
577	1114.615161	5316
578	1114.305416	5316
579	1114.038473	5316
580	1113.366861	5316
581	1113.276189	5316
582	1112.829451	5316
583	1112.620187	5316
584	1112.686347	5316
585	1112.260507	5316
586	1112.181684	5316
587	1112.182674	5316
588	1111.195648	5316
589	1110.937659	5316
590	1110.885229	5316
591	1110.694566	5316
592	1110.293702	5316
593	1110.222941	5316
594	1109.826222	5316
595	1109.5977	5316
596	1108.892169	5316
597	1108.667933	5316
598	1108.326801	5316
599	1108.210197	5316
600	1108.006594	5316
601	1107.52316	5316
602	1107.211015	5316
603	1106.916369	5316
604	1106.471669	5316
605	1106.40741	5316
606	1105.966072	5316
607	1105.955642	5316
608	1105.782792	5316
609	1105.521686	5316
610	1105.198749	5316
611	1104.964736	5316
612	1104.549622	5316
613	1104.56223	5316
614	1104.171241	5316
615	1104.105504	5316
616	1104.060671	5316
617	1103.967521	5316
618	1103.877584	5316
619	1103.711764	5316
620	1103.458009	5316
621	1103.227368	5316
622	1102.996689	5316
623	1102.68919	5316
624	1102.422412	5316
625	1102.260761	5316
626	1102.035525	5316
627	1101.937525	5316
628	1101.873952	5316
629	1101.891481	5316
630	1101.876789	5316
631	1101.546829	5316
632	1101.474924	5316
633	1100.58144	5316
634	1100.631818	5316
635	1100.551638	5316
636	1100.07656	5316
637	1099.895133	5316
638	1099.847969	5316
639	1099.884371	5316
640	1099.772838	5316
641	1099.42128	5316
642	1099.236817	5316
643	1098.932449	5316
644	1098.815699	5316
645	1098.719046	5316
646	1098.641724	5316
647	1098.615076	5316
648	1098.631765	5316
649	1098.370036	5316
650	1098.342533	5316
651	1097.869822	5316
652	1097.899441	5316
653	1098.036619	5316
654	1097.949622	5316
655	1097.492186	5316
656	1097.469449	5316
657	1097.318862	5316
658	1097.269379	5316
659	1097.333275	5316
660	1097.35697	5316
661	1097.284159	5316
662	1097.253564	5316
663	1097.247779	5316
664	1097.130617	5316
665	1097.209603	5316
666	1096.806653	5316
667	1096.516119	5316
668	1096.41261	5316
669	1096.267248	5316
670	1096.320007	5316
671	1096.289797	5316
672	1096.056296	5316
673	1095.909261	5316
674	1095.513881	5316
675	1095.300833	5316
676	1095.21205	5316
677	1094.735344	5316
678	1094.753505	5316
679	1094.65651	5316
680	1094.144565	5316
681	1094.247715	5316
682	1094.091336	5316
683	1094.074199	5316
684	1093.822594	5316
685	1093.739687	5316
686	1093.543922	5316
687	1093.449927	5316
688	1092.776504	5316
689	1092.680335	5316
690	1092.581852	5316
691	1092.882524	5316
692	1092.775029	5316
693	1092.835141	5316
694	1092.746761	5316
695	1092.593566	5316
696	1092.475841	5316
697	1092.263689	5316
698	1092.052137	5316
699	1091.974022	5316
700	1091.883565	5316
701	1091.425918	5316
702	1091.202111	5316
703	1090.876006	5316
704	1090.725586	5316
705	1090.696341	5316
706	1090.456792	5316
707	1090.181893	5316
708	1090.043777	5316
709	1089.741897	5316
710	1089.492097	5316
711	1089.25786	5316
712	1089.155199	5316
713	1089.034796	5316
714	1088.940208	5316
715	1089.103148	5316
716	1089.187362	5316
717	1089.171574	5316
718	1088.741104	5316
719	1088.182198	5316
720	1088.072674	5316
721	1087.963569	5316
722	1088.117155	5316
723	1087.839726	5316
724	1088.119274	5316
725	1088.092568	5316
726	1088.036273	5316
727	1088.010885	5316
728	1087.595697	5316
729	1087.189415	5316
730	1087.1954	5316
731	1086.79703	5316
732	1086.519061	5316
733	1086.10395	5316
734	1086.077681	5316
735	1086.075815	5316
736	1085.913491	5316
737	1085.726426	5316
738	1085.494901	5316
739	1085.51821	5316
740	1085.579952	5316
741	1085.44807	5316
742	1085.349205	5316
743	1084.442277	5316
744	1084.304171	5316
745	1084.166275	5316
746	1084.003177	5316
747	1083.753375	5316
748	1083.685422	5316
749	1083.694599	5316
750	1083.534097	5316
751	1083.522682	5316
752	1083.496172	5316
753	1083.230254	5316
754	1082.665161	5316
755	1082.526612	5316
756	1082.543115	5316
757	1082.532071	5316
758	1081.767761	5316
759	1081.649897	5316
760	1081.313875	5316
761	1080.903578	5316
762	1080.725521	5316
763	1080.529551	5316
764	1080.61241	5316
765	1080.603738	5316
766	1080.411151	5316
767	1080.330007	5316
768	1080.299475	5316
769	1080.313076	5316
770	1080.018795	5316
771	1080.136269	5316
772	1080.052478	5316
773	1079.895031	5316
774	1079.934629	5316
775	1079.844988	5316
776	1079.834902	5316
777	1079.300838	5316
778	1079.120976	5316
779	1079.032175	5316
780	1078.85633	5316
781	1078.078398	5316
782	1078.033702	5316
783	1078.294043	5316
784	1078.363585	5316
785	1078.319616	5316
786	1078.053376	5316
787	1077.774784	5316
788	1077.750859	5316
789	1077.745823	5316
790	1077.415176	5316
791	1077.251522	5316
792	1077.210822	5316
793	1077.163498	5316
794	1077.047399	5316
795	1076.975874	5316
796	1077.016651	5316
797	1076.94381	5316
798	1076.934439	5316
799	1076.84372	5316
800	1076.85214	5316
801	1076.789643	5316
802	1076.471787	5316
803	1076.461831	5316
804	1076.666845	5316
805	1076.171046	5316
806	1076.07529	5316
807	1076.052298	5316
808	1075.695999	5316
809	1075.759444	5316
810	1075.55096	5316
811	1075.263981	5316
812	1075.116619	5316
813	1074.927938	5316
814	1074.671713	5316
815	1074.649485	5316
816	1074.449964	5316
817	1074.555158	5316
818	1074.483549	5316
819	1074.447163	5316
820	1074.195005	5316
821	1073.805642	5316
822	1073.788101	5316
823	1073.618824	5316
824	1073.640739	5316
825	1073.584135	5316
826	1073.424801	5316
827	1073.231031	5316
828	1073.084081	5316
829	1072.635174	5316
830	1072.701895	5316
831	1072.599932	5316
832	1072.474163	5316
833	1072.159639	5316
834	1072.018907	5316
835	1072.016289	5316
836	1072.041791	5316
837	1071.931188	5316
838	1071.684131	5316
839	1071.270388	5316
840	1071.113288	5316
841	1070.804842	5316
842	1070.809501	5316
843	1070.718704	5316
844	1070.825319	5316
845	1070.534121	5316
846	1070.064163	5316
847	1069.927826	5316
848	1069.776286	5316
849	1069.746669	5316
850	1069.692405	5316
851	1069.652241	5316
852	1069.681374	5316
853	1069.547947	5316
854	1069.485023	5316
855	1069.417259	5316
856	1069.360933	5316
857	1069.350023	5316
858	1069.107101	5316
859	1068.651108	5316
860	1068.639183	5316
861	1068.302621	5316
862	1067.991777	5316
863	1067.485127	5316
864	1067.342681	5316
865	1067.333485	5316
866	1067.233257	5316
867	1067.044584	5316
868	1067.000254	5316
869	1066.910763	5316
870	1066.362463	5316
871	1066.357227	5316
872	1065.781806	5316
873	1065.547403	5316
874	1065.550735	5316
875	1065.557575	5316
876	1065.537146	5316
877	1065.431298	5316
878	1065.379065	5316
879	1065.188524	5316
880	1065.020509	5316
881	1065.032892	5316
882	1065.069527	5316
883	1065.230006	5316
884	1065.22916	5316
885	1065.115912	5316
886	1064.694835	5316
887	1064.896178	5316
888	1064.805252	5316
889	1064.626695	5316
890	1064.469925	5316
891	1064.43042	5316
892	1064.386343	5316
893	1064.077581	5316
894	1063.943517	5316
895	1063.91565	5316
896	1063.827218	5316
897	1063.627457	5316
898	1063.384321	5316
899	1063.375577	5316
900	1063.344036	5316
901	1063.280028	5316
902	1063.327639	5316
903	1063.181196	5316
904	1063.111149	5316
905	1062.941656	5316
906	1062.948435	5316
907	1062.838846	5316
908	1062.871246	5316
909	1062.769933	5316
910	1062.924464	5316
911	1062.627185	5316
912	1062.356776	5316
913	1062.327433	5316
914	1062.12144	5316
915	1062.122251	5316
916	1062.050523	5316
917	1062.155463	5316
918	1061.886143	5316
919	1061.875194	5316
920	1061.709899	5316
921	1061.622954	5316
922	1061.363736	5316
923	1061.310137	5316
924	1061.305711	5316
925	1061.206027	5316
926	1061.184616	5316
927	1061.03975	5316
928	1060.625257	5316
929	1060.394944	5316
930	1060.049909	5316
931	1059.652021	5316
932	1059.31681	5316
933	1059.252973	5316
934	1059.156352	5316
935	1059.058137	5316
936	1059.046378	5316
937	1059.062959	5316
938	1058.72032	5316
939	1058.737178	5316
940	1058.546582	5316
941	1058.53461	5316
942	1058.527002	5316
943	1058.522204	5316
944	1058.617949	5316
945	1058.390144	5316
946	1058.279653	5316
947	1058.148509	5316
948	1058.244981	5316
949	1058.196091	5316
950	1058.195191	5316
951	1058.003626	5316
952	1057.915828	5316
953	1057.786452	5316
954	1057.780152	5316
955	1057.701465	5316
956	1057.736078	5316
957	1057.752031	5316
958	1057.781555	5316
959	1057.665296	5316
960	1057.732707	5316
961	1057.670181	5316
962	1057.667314	5316
963	1057.42245	5316
964	1057.418461	5316
965	1057.491439	5316
966	1057.349069	5316
967	1057.3215	5316
968	1057.436451	5316
969	1057.36798	5316
970	1057.282837	5316
971	1057.270086	5316
972	1057.147639	5316
973	1057.138177	5316
974	1056.925349	5316
975	1056.899076	5316
976	1056.992325	5316
977	1057.015051	5316
978	1056.695537	5316
979	1056.277179	5316
980	1055.977752	5316
981	1055.62808	5316
982	1055.657713	5316
983	1055.456388	5316
984	1055.510597	5316
985	1055.574895	5316
986	1055.104202	5316
987	1055.25932	5316
988	1055.244437	5316
989	1055.196697	5316
990	1055.027392	5316
991	1054.683514	5316
992	1054.636983	5316
993	1054.40909	5316
994	1054.404833	5316
995	1054.27433	5316
996	1054.286174	5316
997	1054.086756	5316
998	1053.573703	5316
999	1053.484789	5316
1000	1053.18065	5316
1001	1053.36943	5316
1002	1053.304728	5316
1003	1053.200287	5316
1004	1053.152887	5316
1005	1052.630325	5316
1006	1052.624748	5316
1007	1052.459664	5316
1008	1052.295255	5316
1009	1052.416939	5316
1010	1052.354727	5316
1011	1052.316574	5316
1012	1051.910864	5316
1013	1051.260557	5316
1014	1050.96252	5316
1015	1050.935751	5316
1016	1050.782771	5316
1017	1050.699144	5316
1018	1050.787791	5316
1019	1050.680685	5316
1020	1050.417558	5316
1021	1050.224011	5316
1022	1050.163133	5316
1023	1050.140441	5316
1024	1050.122232	5316
1025	1050.145522	5316
1026	1050.115674	5316
1027	1049.954853	5316
1028	1049.942066	5316
1029	1049.879765	5316
1030	1049.887419	5316
1031	1049.807252	5316
1032	1049.648448	5316
1033	1049.539945	5316
1034	1049.512115	5316
1035	1049.474554	5316
1036	1049.405378	5316
1037	1049.331029	5316
1038	1049.249666	5316
1039	1049.184179	5316
1040	1048.935604	5316
1041	1048.847448	5316
1042	1048.519374	5316
1043	1048.568663	5316
1044	1048.55272	5316
1045	1048.464254	5316
1046	1048.133332	5316
1047	1048.027838	5316
1048	1047.904883	5316
1049	1047.937837	5316
1050	1047.9099	5316
1051	1047.806995	5316
1052	1047.553855	5316
1053	1047.126686	5316
1054	1046.932519	5316
1055	1046.93312	5316
1056	1046.804547	5316
1057	1046.819405	5316
1058	1046.875446	5316
1059	1046.804421	5316
1060	1046.6709	5316
1061	1046.770504	5316
1062	1046.686449	5316
1063	1046.736137	5316
1064	1046.550536	5316
1065	1046.574714	5316
1066	1046.464744	5316
1067	1046.513146	5316
1068	1046.433514	5316
1069	1046.240301	5316
1070	1046.22734	5316
1071	1046.102977	5316
1072	1045.931128	5316
1073	1045.682316	5316
1074	1045.564294	5316
1075	1045.286003	5316
1076	1045.305707	5316
1077	1045.148542	5316
1078	1044.928555	5316
1079	1044.707141	5316
1080	1044.553994	5316
1081	1044.48153	5316
1082	1044.407765	5316
1083	1044.224308	5316
1084	1044.168142	5316
1085	1044.067285	5316
1086	1043.997723	5316
1087	1043.985315	5316
1088	1043.902935	5316
1089	1043.714576	5316
1090	1043.483946	5316
1091	1043.459235	5316
1092	1043.367841	5316
1093	1043.34644	5316
1094	1043.208897	5316
1095	1043.323286	5316
1096	1043.230907	5316
1097	1043.283149	5316
1098	1043.303975	5316
1099	1043.139325	5316
1100	1043.078979	5316
1101	1042.802649	5316
1102	1042.77381	5316
1103	1042.772808	5316
1104	1042.718547	5316
1105	1042.427167	5316
1106	1042.315115	5316
1107	1042.237127	5316
1108	1042.127999	5316
1109	1042.112567	5316
1110	1042.23758	5316
1111	1042.36817	5316
1112	1042.322335	5316
1113	1042.181112	5316
1114	1042.081352	5316
1115	1042.087812	5316
1116	1042.048533	5316
1117	1041.955917	5316
1118	1041.970985	5316
1119	1041.769436	5316
1120	1041.643957	5316
1121	1041.651514	5316
1122	1041.650934	5316
1123	1041.470731	5316
1124	1041.292368	5316
1125	1041.33552	5316
1126	1041.221594	5316
1127	1040.883676	5316
1128	1040.774762	5316
1129	1040.824401	5316
1130	1040.694781	5316
1131	1040.528891	5316
1132	1040.498536	5316
1133	1040.246313	5316
1134	1040.226864	5316
1135	1040.141187	5316
1136	1040.105327	5316
1137	1040.073903	5316
1138	1040.046058	5316
1139	1040.067731	5316
1140	1039.94189	5316
1141	1039.834407	5316
1142	1039.853845	5316
1143	1039.626689	5316
1144	1039.536735	5316
1145	1039.470123	5316
1146	1039.441848	5316
1147	1039.488344	5316
1148	1039.618525	5316
1149	1039.612113	5316
1150	1039.457431	5316
1151	1039.401856	5316
1152	1039.259403	5316
1153	1039.154899	5316
1154	1039.151303	5316
1155	1039.073775	5316
1156	1038.874472	5316
1157	1038.886854	5316
1158	1038.790665	5316
1159	1038.718848	5316
1160	1038.713104	5316
1161	1038.560304	5316
1162	1038.57989	5316
1163	1038.542902	5316
1164	1038.557725	5316
1165	1038.391274	5316
1166	1038.113321	5316
1167	1038.06387	5316
1168	1037.854031	5316
1169	1037.857569	5316
1170	1037.844332	5316
1171	1037.641778	5316
1172	1037.630276	5316
1173	1037.667067	5316
1174	1037.643744	5316
1175	1037.72519	5316
1176	1037.589438	5316
1177	1037.640711	5316
1178	1037.566622	5316
1179	1037.562717	5316
1180	1037.505348	5316
1181	1037.347929	5316
1182	1037.391757	5316
1183	1037.232512	5316
1184	1037.127301	5316
1185	1037.118697	5316
1186	1037.191345	5316
1187	1036.996255	5316
1188	1036.969059	5316
1189	1037.072612	5316
1190	1036.995061	5316
1191	1036.936901	5316
1192	1036.926938	5316
1193	1036.87424	5316
1194	1037.067089	5316
1195	1037.04629	5316
1196	1036.655171	5316
1197	1036.615665	5316
1198	1036.383644	5316
1199	1036.301648	5316
1200	1036.230113	5316
1201	1036.098103	5316
1202	1036.000213	5316
1203	1035.988477	5316
1204	1035.943483	5316
1205	1035.949398	5316
1206	1035.956697	5316
1207	1035.92955	5316
1208	1035.861341	5316
1209	1035.899292	5316
1210	1035.872624	5316
1211	1035.666452	5316
1212	1035.35633	5316
1213	1035.331002	5316
1214	1035.265107	5316
1215	1035.191381	5316
1216	1035.124962	5316
1217	1035.154305	5316
1218	1035.204029	5316
1219	1035.177783	5316
1220	1035.350451	5316
1221	1035.34642	5316
1222	1035.118399	5316
1223	1035.061188	5316
1224	1035.067062	5316
1225	1034.926224	5316
1226	1034.991217	5316
1227	1034.46831	5316
1228	1034.300515	5316
1229	1034.153393	5316
1230	1034.127694	5316
1231	1034.062628	5316
1232	1034.101773	5316
1233	1034.037949	5316
1234	1033.878605	5316
1235	1033.761506	5316
1236	1033.755957	5316
1237	1033.792059	5316
1238	1033.838131	5316
1239	1033.823651	5316
1240	1033.82883	5316
1241	1033.592742	5316
1242	1033.740057	5316
1243	1033.706318	5316
1244	1033.792009	5316
1245	1033.580645	5316
1246	1033.444783	5316
1247	1033.180206	5316
1248	1033.140412	5316
1249	1032.90536	5316
1250	1032.918958	5316
1251	1032.779831	5316
1252	1032.670528	5316
1253	1032.6875	5316
1254	1032.670676	5316
1255	1032.468288	5316
1256	1032.385729	5316
1257	1032.387335	5316
1258	1032.261324	5316
1259	1032.160486	5316
1260	1032.172124	5316
1261	1032.237197	5316
1262	1032.151547	5316
1263	1032.075748	5316
1264	1031.974553	5316
1265	1031.91946	5316
1266	1031.902004	5316
1267	1031.73218	5316
1268	1031.703932	5316
1269	1031.656704	5316
1270	1031.524105	5316
1271	1031.599073	5316
1272	1031.387861	5316
1273	1031.228423	5316
1274	1031.215649	5316
1275	1031.192485	5316
1276	1031.05662	5316
1277	1030.822465	5316
1278	1030.5453	5316
1279	1030.373469	5316
1280	1030.32232	5316
1281	1030.11703	5316
1282	1030.025826	5316
1283	1029.955988	5316
1284	1029.96363	5316
1285	1029.923127	5316
1286	1029.951275	5316
1287	1029.849605	5316
1288	1029.771983	5316
1289	1029.753215	5316
1290	1029.852858	5316
1291	1029.715792	5316
1292	1029.662306	5316
1293	1029.520265	5316
1294	1029.504452	5316
1295	1029.4194	5316
1296	1029.456322	5316
1297	1029.466374	5316
1298	1029.348384	5316
1299	1029.277182	5316
1300	1029.29094	5316
1301	1029.248303	5316
1302	1029.292792	5316
1303	1029.141704	5316
1304	1029.08066	5316
1305	1029.134638	5316
1306	1028.679901	5316
1307	1028.664995	5316
1308	1028.656896	5316
1309	1028.711073	5316
1310	1028.687033	5316
1311	1028.597178	5316
1312	1028.566211	5316
1313	1028.480026	5316
1314	1028.557583	5316
1315	1028.350243	5316
1316	1028.065918	5316
1317	1028.039826	5316
1318	1027.863603	5316
1319	1027.874554	5316
1320	1027.871064	5316
1321	1027.842587	5316
1322	1027.733292	5316
1323	1027.703053	5316
1324	1027.713003	5316
1325	1027.675055	5316
1326	1027.579256	5316
1327	1027.543484	5316
1328	1027.51021	5316
1329	1027.247309	5316
1330	1027.168073	5316
1331	1027.091881	5316
1332	1026.805523	5316
1333	1026.763089	5316
1334	1026.534555	5316
1335	1026.444755	5316
1336	1026.43226	5316
1337	1026.230315	5316
1338	1025.992478	5316
1339	1025.997341	5316
1340	1025.960862	5316
1341	1025.93759	5316
1342	1025.729654	5316
1343	1025.797996	5316
1344	1025.736469	5316
1345	1025.749134	5316
1346	1025.715949	5316
1347	1025.715886	5316
1348	1025.653259	5316
1349	1025.660723	5316
1350	1025.676409	5316
1351	1025.686715	5316
1352	1025.608984	5316
1353	1025.537905	5316
1354	1025.518458	5316
1355	1025.517505	5316
1356	1025.460323	5316
1357	1025.263667	5316
1358	1025.153438	5316
1359	1025.10728	5316
1360	1024.989146	5316
1361	1024.946111	5316
1362	1024.781745	5316
1363	1024.682072	5316
1364	1024.71381	5316
1365	1024.559849	5316
1366	1024.439734	5316
1367	1024.441769	5316
1368	1024.342833	5316
1369	1024.342944	5316
1370	1024.410583	5316
1371	1024.302052	5316
1372	1024.137803	5316
1373	1024.143722	5316
1374	1024.004379	5316
1375	1023.726307	5316
1376	1023.706902	5316
1377	1023.613054	5316
1378	1023.539459	5316
1379	1023.576717	5316
1380	1023.452457	5316
1381	1023.409993	5316
1382	1023.386699	5316
1383	1023.177424	5316
1384	1023.042757	5316
1385	1023.038193	5316
1386	1023.092865	5316
1387	1023.056854	5316
1388	1022.991911	5316
1389	1022.947627	5316
1390	1022.817288	5316
1391	1022.731026	5316
1392	1022.590977	5316
1393	1022.571223	5316
1394	1022.532833	5316
1395	1022.606168	5316
1396	1022.593029	5316
1397	1022.179863	5316
1398	1022.071454	5316
1399	1022.080949	5316
1400	1021.913627	5316
1401	1021.886699	5316
1402	1021.835478	5316
1403	1021.760475	5316
1404	1021.771232	5316
1405	1021.819648	5316
1406	1021.871661	5316
1407	1021.803799	5316
1408	1021.48776	5316
1409	1021.496667	5316
1410	1021.550602	5316
1411	1021.454315	5316
1412	1021.425114	5316
1413	1021.330401	5316
1414	1021.328396	5316
1415	1021.305443	5316
1416	1021.130351	5316
1417	1021.16505	5316
1418	1021.123691	5316
1419	1020.929287	5316
1420	1020.859704	5316
1421	1020.837482	5316
1422	1020.654114	5316
1423	1020.64113	5316
1424	1020.598635	5316
1425	1020.563125	5316
1426	1020.479811	5316
1427	1020.502443	5316
1428	1020.504979	5316
1429	1020.508014	5316
1430	1020.488468	5316
1431	1020.497413	5316
1432	1020.304524	5316
1433	1020.191679	5316
1434	1020.157203	5316
1435	1019.935596	5316
1436	1019.877933	5316
1437	1019.807577	5316
1438	1019.802651	5316
1439	1019.707838	5316
1440	1019.701102	5316
1441	1019.537677	5316
1442	1019.419941	5316
1443	1019.382868	5316
1444	1019.305884	5316
1445	1019.326661	5316
1446	1019.272733	5316
1447	1019.260087	5316
1448	1019.217147	5316
1449	1019.202423	5316
1450	1019.125367	5316
1451	1019.145125	5316
1452	1019.159606	5316
1453	1019.124739	5316
1454	1019.054036	5316
1455	1019.074333	5316
1456	1018.849001	5316
1457	1018.775255	5316
1458	1018.834357	5316
1459	1018.808111	5316
1460	1018.8575	5316
1461	1018.926018	5316
1462	1018.815704	5316
1463	1018.874206	5316
1464	1018.917916	5316
1465	1018.819151	5316
1466	1018.803949	5316
1467	1018.519177	5316
1468	1018.575012	5316
1469	1018.621866	5316
1470	1018.481829	5316
1471	1018.559945	5316
1472	1018.549147	5316
1473	1018.561289	5316
1474	1018.554456	5316
1475	1018.588095	5316
1476	1018.594372	5316
1477	1018.587235	5316
1478	1018.573501	5316
1479	1018.559146	5316
1480	1018.393014	5316
1481	1018.325091	5316
1482	1018.113821	5316
1483	1018.087318	5316
1484	1018.07049	5316
1485	1018.076784	5316
1486	1018.07587	5316
1487	1018.068465	5316
1488	1017.942044	5316
1489	1017.910552	5316
1490	1017.827327	5316
1491	1017.881075	5316
1492	1017.850685	5316
1493	1017.854495	5316
1494	1017.864001	5316
1495	1017.891116	5316
1496	1017.854032	5316
1497	1017.822828	5316
1498	1017.849735	5316
1499	1017.664596	5316
1500	1017.641292	5316
1501	1017.764155	5316
1502	1017.605238	5316
1503	1017.564074	5316
1504	1017.610704	5316
1505	1017.632953	5316
1506	1017.608812	5316
1507	1017.480767	5316
1508	1017.392021	5316
1509	1017.366399	5316
1510	1017.373431	5316
1511	1017.340333	5316
1512	1017.325985	5316
1513	1017.347354	5316
1514	1017.372319	5316
1515	1017.355028	5316
1516	1017.335261	5316
1517	1017.181956	5316
1518	1017.201945	5316
1519	1017.151159	5316
1520	1017.190405	5316
1521	1017.094288	5316
1522	1017.066434	5316
1523	1017.115951	5316
1524	1017.133276	5316
1525	1017.029103	5316
1526	1016.999768	5316
1527	1017.042271	5316
1528	1017.021802	5316
1529	1016.958004	5316
1530	1016.851055	5316
1531	1016.850566	5316
1532	1016.729802	5316
1533	1016.617696	5316
1534	1016.621675	5316
1535	1016.557585	5316
1536	1016.551131	5316
1537	1016.549622	5316
1538	1016.526518	5316
1539	1016.39388	5316
1540	1016.151066	5316
1541	1015.943596	5316
1542	1015.89809	5316
1543	1015.895162	5316
1544	1016.036072	5316
1545	1015.880197	5316
1546	1015.875876	5316
1547	1015.752428	5316
1548	1015.690276	5316
1549	1015.653555	5316
1550	1015.489319	5316
1551	1015.438987	5316
1552	1015.431488	5316
1553	1015.330371	5316
1554	1015.335288	5316
1555	1015.28379	5316
1556	1015.119631	5316
1557	1015.11657	5316
1558	1015.002228	5316
1559	1015.005687	5316
1560	1014.82577	5316
1561	1014.649104	5316
1562	1014.669796	5316
1563	1014.626643	5316
1564	1014.577431	5316
1565	1014.684023	5316
1566	1014.757447	5316
1567	1014.606576	5316
1568	1014.480705	5316
1569	1014.395632	5316
1570	1014.384915	5316
1571	1014.29561	5316
1572	1014.362103	5316
1573	1014.329837	5316
1574	1014.224997	5316
1575	1014.286735	5316
1576	1014.144386	5316
1577	1014.077765	5316
1578	1013.982176	5316
1579	1014.016627	5316
1580	1013.993813	5316
1581	1013.920593	5316
1582	1013.971382	5316
1583	1013.919061	5316
1584	1013.782583	5316
1585	1013.783349	5316
1586	1013.678889	5316
1587	1013.67336	5316
1588	1013.509139	5316
1589	1013.443048	5316
1590	1013.387351	5316
1591	1013.291177	5316
1592	1013.477004	5316
1593	1013.303439	5316
1594	1013.199625	5316
1595	1013.235928	5316
1596	1013.168316	5316
1597	1013.100322	5316
1598	1013.061359	5316
1599	1013.040761	5316
1600	1012.888868	5316
1601	1012.647381	5316
1602	1012.540336	5316
1603	1012.525093	5316
1604	1012.517144	5316
1605	1012.513943	5316
1606	1012.511516	5316
1607	1012.486963	5316
1608	1012.321414	5316
1609	1012.346184	5316
1610	1012.38537	5316
1611	1012.433693	5316
1612	1012.387257	5316
1613	1012.376038	5316
1614	1012.315089	5316
1615	1012.304911	5316
1616	1012.25827	5316
1617	1012.263411	5316
1618	1012.234475	5316
1619	1012.170305	5316
1620	1012.118124	5316
1621	1012.006863	5316
1622	1012.036208	5316
1623	1011.969869	5316
1624	1012.016055	5316
1625	1011.869561	5316
1626	1011.733029	5316
1627	1011.722919	5316
1628	1011.676295	5316
1629	1011.599581	5316
1630	1011.603994	5316
1631	1011.619404	5316
1632	1011.540119	5316
1633	1011.356394	5316
1634	1011.366362	5316
1635	1011.354499	5316
1636	1011.321233	5316
1637	1011.393615	5316
1638	1011.280335	5316
1639	1011.262945	5316
1640	1011.275881	5316
1641	1011.195643	5316
1642	1011.193823	5316
1643	1011.176835	5316
1644	1011.081399	5316
1645	1011.042129	5316
1646	1011.10145	5316
1647	1011.114913	5316
1648	1010.946157	5316
1649	1010.898891	5316
1650	1010.835023	5316
1651	1010.734654	5316
1652	1010.788074	5316
1653	1010.77213	5316
1654	1010.759637	5316
1655	1010.713273	5316
1656	1010.630449	5316
1657	1010.6006	5316
1658	1010.587098	5316
1659	1010.577985	5316
1660	1010.512936	5316
1661	1010.515936	5316
1662	1010.522408	5316
1663	1010.524518	5316
1664	1010.492413	5316
1665	1010.407769	5316
1666	1010.435389	5316
1667	1010.382365	5316
1668	1010.319972	5316
1669	1010.228519	5316
1670	1010.203183	5316
1671	1010.025577	5316
1672	1009.920587	5316
1673	1009.930759	5316
1674	1009.95832	5316
1675	1009.913468	5316
1676	1009.885679	5316
1677	1009.8745	5316
1678	1009.874564	5316
1679	1009.878671	5316
1680	1009.900098	5316
1681	1009.885953	5316
1682	1009.879769	5316
1683	1009.880539	5316
1684	1009.891147	5316
1685	1009.907405	5316
1686	1009.962045	5316
1687	1009.81	5316
1688	1009.654825	5316
1689	1009.555444	5316
1690	1009.578039	5316
1691	1009.523252	5316
1692	1009.528577	5316
1693	1009.554906	5316
1694	1009.491043	5316
1695	1009.364908	5316
1696	1009.428273	5316
1697	1009.37068	5316
1698	1009.463509	5316
1699	1009.489929	5316
1700	1009.358819	5316
1701	1009.287239	5316
1702	1009.250013	5316
1703	1009.142527	5316
1704	1009.11789	5316
1705	1009.11906	5316
1706	1009.035331	5316
1707	1008.957554	5316
1708	1008.915271	5316
1709	1008.799067	5316
1710	1008.73661	5316
1711	1008.724659	5316
1712	1008.565932	5316
1713	1008.587135	5316
1714	1008.475539	5316
1715	1008.474222	5316
1716	1008.445484	5316
1717	1008.281158	5316
1718	1008.269153	5316
1719	1008.213279	5316
1720	1008.090886	5316
1721	1008.150087	5316
1722	1008.12067	5316
1723	1008.099334	5316
1724	1008.101735	5316
1725	1007.999183	5316
1726	1007.921631	5316
1727	1007.951401	5316
1728	1007.948382	5316
1729	1007.723279	5316
1730	1007.762245	5316
1731	1007.795315	5316
1732	1007.815052	5316
1733	1007.685292	5316
1734	1007.571782	5316
1735	1007.439454	5316
1736	1007.362986	5316
1737	1007.355534	5316
1738	1007.266934	5316
1739	1007.21569	5316
1740	1007.241251	5316
1741	1007.138008	5316
1742	1007.182211	5316
1743	1007.228293	5316
1744	1007.204437	5316
1745	1007.216038	5316
1746	1007.153187	5316
1747	1007.053995	5316
1748	1007.054327	5316
1749	1007.020588	5316
1750	1007.099617	5316
1751	1007.113027	5316
1752	1007.120518	5316
1753	1007.206495	5316
1754	1007.192763	5316
1755	1007.21749	5316
1756	1007.229028	5316
1757	1007.090511	5316
1758	1007.117619	5316
1759	1006.904613	5316
1760	1006.916031	5316
1761	1006.780327	5316
1762	1006.668807	5316
1763	1006.76721	5316
1764	1006.643403	5316
1765	1006.626453	5316
1766	1006.480246	5316
1767	1006.41227	5316
1768	1006.411603	5316
1769	1006.413123	5316
1770	1006.404425	5316
1771	1006.356586	5316
1772	1006.262246	5316
1773	1006.244	5316
1774	1006.26249	5316
1775	1006.161038	5316
1776	1006.022128	5316
1777	1005.94844	5316
1778	1005.936216	5316
1779	1005.944654	5316
1780	1005.934324	5316
1781	1005.916184	5316
1782	1005.971106	5316
1783	1005.918384	5316
1784	1005.921856	5316
1785	1005.887002	5316
1786	1005.650025	5316
1787	1005.69541	5316
1788	1005.51022	5316
1789	1005.466397	5316
1790	1005.4723	5316
1791	1005.499744	5316
1792	1005.591924	5316
1793	1005.602936	5316
1794	1005.542375	5316
1795	1005.525732	5316
1796	1005.55544	5316
1797	1005.585215	5316
1798	1005.645567	5316
1799	1005.600278	5316
1800	1005.544271	5316
1801	1005.563529	5316
1802	1005.638037	5316
1803	1005.559288	5316
1804	1005.550837	5316
1805	1005.43304	5316
1806	1005.421634	5316
1807	1005.375446	5316
1808	1005.266303	5316
1809	1005.251859	5316
1810	1005.209314	5316
1811	1005.06303	5316
1812	1005.035008	5316
1813	1004.983191	5316
1814	1004.919089	5316
1815	1004.829742	5316
1816	1004.72265	5316
1817	1004.611915	5316
1818	1004.585707	5316
1819	1004.34809	5316
1820	1004.264435	5316
1821	1004.215283	5316
1822	1004.215904	5316
1823	1004.274936	5316
1824	1004.078462	5316
1825	1004.135931	5316
1826	1004.012845	5316
1827	1004.006042	5316
1828	1003.974673	5316
1829	1003.996869	5316
1830	1003.945653	5316
1831	1003.826086	5316
1832	1003.773835	5316
1833	1003.742061	5316
1834	1003.747948	5316
1835	1003.738556	5316
1836	1003.735626	5316
1837	1003.763942	5316
1838	1003.807979	5316
1839	1003.780759	5316
1840	1003.566189	5316
1841	1003.503179	5316
1842	1003.547471	5316
1843	1003.496561	5316
1844	1003.533024	5316
1845	1003.469599	5316
1846	1003.381236	5316
1847	1003.233159	5316
1848	1003.194951	5316
1849	1003.191614	5316
1850	1003.044858	5316
1851	1002.97016	5316
1852	1002.970324	5316
1853	1002.86279	5316
1854	1002.834878	5316
1855	1002.780535	5316
1856	1002.842132	5316
1857	1002.900129	5316
1858	1002.791581	5316
1859	1002.836247	5316
1860	1002.728213	5316
1861	1002.823411	5316
1862	1002.807416	5316
1863	1002.824943	5316
1864	1002.641455	5316
1865	1002.681197	5316
1866	1002.678819	5316
1867	1002.659266	5316
1868	1002.460312	5316
1869	1002.377662	5316
1870	1002.318003	5316
1871	1002.286354	5316
1872	1002.203148	5316
1873	1002.210536	5316
1874	1002.21332	5316
1875	1002.196586	5316
1876	1002.33945	5316
1877	1002.31731	5316
1878	1002.363417	5316
1879	1002.37137	5316
1880	1002.353246	5316
1881	1002.335787	5316
1882	1002.378847	5316
1883	1002.364768	5316
1884	1002.358765	5316
1885	1002.297471	5316
1886	1002.272921	5316
1887	1002.239243	5316
1888	1002.244199	5316
1889	1002.214745	5316
1890	1002.2339	5316
1891	1002.100462	5316
1892	1001.993078	5316
1893	1002.026684	5316
1894	1001.93389	5316
1895	1001.916033	5316
1896	1001.789063	5316
1897	1001.831418	5316
1898	1001.739484	5316
1899	1001.709161	5316
1900	1001.67282	5316
1901	1001.637349	5316
1902	1001.644164	5316
1903	1001.583935	5316
1904	1001.440779	5316
1905	1001.343598	5316
1906	1001.418653	5316
1907	1001.458578	5316
1908	1001.437321	5316
1909	1001.321423	5316
1910	1001.254527	5316
1911	1001.217036	5316
1912	1001.192239	5316
1913	1001.165999	5316
1914	1001.110404	5316
1915	1001.119419	5316
1916	1001.07352	5316
1917	1001.050984	5316
1918	1000.985323	5316
1919	1000.901961	5316
1920	1000.759773	5316
1921	1000.680641	5316
1922	1000.646546	5316
1923	1000.546408	5316
1924	1000.621177	5316
1925	1000.497957	5316
1926	1000.479949	5316
1927	1000.4516	5316
1928	1000.453306	5316
1929	1000.38913	5316
1930	1000.19109	5316
1931	1000.18792	5316
1932	1000.194124	5316
1933	1000.176596	5316
1934	1000.237322	5316
1935	1000.168184	5316
1936	1000.136968	5316
1937	1000.153902	5316
1938	1000.062167	5316
1939	1000.019173	5316
1940	1000.030867	5316
1941	999.9469845	5316
1942	999.9156847	5316
1943	999.8800594	5316
1944	999.7912459	5316
1945	999.8324515	5316
1946	999.7872093	5316
1947	999.7337701	5316
1948	999.742732	5316
1949	999.6287911	5316
1950	999.696196	5316
1951	999.5922431	5316
1952	999.5482669	5316
1953	999.5806097	5316
1954	999.5683817	5316
1955	999.5228099	5316
1956	999.4916289	5316
1957	999.4491368	5316
1958	999.4341847	5316
1959	999.4090809	5316
1960	999.3404397	5316
1961	999.2034936	5316
1962	999.1714233	5316
1963	999.1811266	5316
1964	999.1861556	5316
1965	999.0994892	5316
1966	999.1205129	5316
1967	999.005603	5316
1968	998.9836945	5316
1969	999.0218527	5316
1970	998.9040953	5316
1971	998.7930465	5316
1972	998.7555164	5316
1973	998.7657426	5316
1974	998.7278864	5316
1975	998.56741	5316
1976	998.493154	5316
1977	998.4038905	5316
1978	998.4022067	5316
1979	998.3709247	5316
1980	998.3752481	5316
1981	998.3621004	5316
1982	998.4207068	5316
1983	998.2747499	5316
1984	998.2669298	5316
1985	998.0772674	5316
1986	998.0916183	5316
1987	998.0762828	5316
1988	997.9864417	5316
1989	997.9287378	5316
1990	997.8972298	5316
1991	997.893681	5316
1992	997.8825801	5316
1993	997.4695843	5316
